datetime,ati_count_30s,ati_count_60s,ati_count_90s,ati_volume_30s,ati_volume_60s,ati_volume_90s,burst_volume_imbalance_15s,burst_volume_imbalance_30s,burst_volume_imbalance_8s,order_recency_imbalance_15s,order_recency_imbalance_30s
2026-08-20 09:30:00,,,,,,,,,,,
2026-08-20 09:31:00,-0.012347646516261475,0.10225732932095473,,0.053142005344833876,0.18489347467922504,,0.2482611149768057,0.20414241287410992,0.2474860150772837,0.10694929084049432,0.10694929084049432
2026-08-20 09:32:00,-0.02274499338396586,-0.017070900185304293,0.024039217353572756,-0.01239009453811551,-0.04311479833109782,-0.02652110802865543,-0.004265379385178292,-0.061942212344048425,-0.020324861832481285,0.046398504240825186,0.046398504240825186
2026-08-20 09:33:00,0.03742303463073104,0.05732436536706109,-0.0032169731577729403,0.00035448145335644946,0.0179227666580872,-0.04160690082602201,-0.031287241633226465,-0.03436974173882111,-0.007768694488281497,0.011520643177985629,0.011520643177985629
2026-08-20 09:34:00,0.06112655557714212,0.06501686211215588,0.049199120876352406,0.07135522788635622,0.07106121920806399,0.06509008615407313,0.13085773415646373,0.05990304239946359,0.15791630284371072,-0.02676871848187077,-0.02676871848187077
2026-08-20 09:35:00,0.03621248095541162,0.0647430522899983,0.0829703345326987,0.06544963305267651,0.05948110147446693,0.08343211670870301,0.03744861995880663,0.08347476819873804,0.07374574127021495,0.03292774487868698,0.03292774487868698
2026-08-20 09:36:00,-0.07198653206391635,-0.08228400831209699,-0.062065136135168855,0.03581533785087371,0.05028615555582979,0.05742277575219479,0.2249039650757734,0.19250930591453025,0.20350791758161732,0.028323471516521134,0.028323471516521134
2026-08-20 09:37:00,-0.12628825953031692,-0.06110731007283255,-0.029053474298162765,-0.19492270250019383,-0.19059132692192662,-0.18170084402034217,-0.10849299095907898,-0.23546631236977017,-0.04701062025335243,-0.01783679840242517,-0.01783679840242517
2026-08-20 09:38:00,-0.019298486792023433,0.004279147215915967,0.022041960536198568,-0.047546886115788584,-0.0030899690723129366,0.031279076644876,-0.0987965530822623,-0.1282056920540977,-0.08067171566351895,0.020710820259978144,0.020710820259978144
2026-08-20 09:39:00,0.03489264457445884,0.017888010411215027,0.015875470587181684,0.01428820999979559,-0.009382760393425097,-0.005688272540833442,0.06873474497029722,0.04921593131572636,0.10520412546845474,0.03387291227599745,0.03387291227599745
2026-08-20 09:40:00,0.04606125053495649,-0.02238638214744369,-0.01122634995502348,0.04807058969034474,-0.027147659605302372,-0.02411287251898198,0.0009361545815313344,0.04904642418147492,-0.06430771779105435,-0.03024042461131738,-0.03034565402042253
2026-08-20 09:41:00,0.12455763351998418,-0.0020591927361198795,0.008199858639743401,0.076970241106234,-0.05311749251813323,-0.08846729355155149,0.07888350085766162,0.02272091952065287,0.09337546071513741,0.11761958862940246,0.11761958862940246
2026-08-20 09:42:00,0.055556112900433906,0.08616378954188324,0.09490635733575327,0.07267989792247097,0.054414181014982375,0.0743492413076674,-0.021646532334790497,0.024426208427983376,-0.06470134234541704,-0.1079957894392353,-0.1079957894392353
2026-08-20 09:43:00,0.07288933089798748,0.034155284258736957,0.03162187083003424,0.025706201590320634,-0.01149526455541826,-0.04846789952263919,0.14655974561353582,-0.008087154476162357,0.19796638595481225,0.17307825673901475,0.17307825673901475
2026-08-20 09:44:00,0.028450147290907547,0.01068214807270658,0.015375278313567862,0.06331777517357133,0.041450815902060456,0.05989128312064399,0.05898296132638392,0.049798590642391345,-0.012890955331110192,-0.0708830598232958,-0.07090561186418314
2026-08-20 09:45:00,0.11685761627103672,0.09511271326578542,0.13524185180065537,0.08064046805828128,0.028641120823606193,0.021382284603048488,-0.029178842068462923,-0.073764313727485,0.025072600988831947,0.0358877924968733,0.0358877924968733
2026-08-20 09:46:00,0.008877594680100413,-0.002272824151034752,0.011498242443458645,0.012385845024916256,-0.025072020696160362,0.000822974287113945,-0.013511745232991493,-0.07756596460190861,0.010597853794226498,0.03930762518271028,0.039294408710807464
2026-08-20 09:47:00,-0.09361553008427247,-0.026332714737892123,-0.059976689561511254,-0.016883804541212827,0.08046919574361511,0.04643163076919081,0.18157638504083742,-0.009491213528935501,0.14034215379712384,-0.0938242774235341,-0.094057959511591
2026-08-20 09:48:00,0.07770263065915599,0.07685809613350524,0.08654790141677643,0.10538532408384764,0.11514976107905014,0.13260887074191136,0.10779104068060677,0.07714882287893128,0.20022256711447214,0.0654980755852644,0.0656488852561087
2026-08-20 09:49:00,0.030848917942591654,0.1427148253535008,0.15679249325432507,0.029587723153063877,0.13336945916146487,0.15113292744027274,0.055042666078327585,-0.010585944800453988,0.044119748593449734,-0.0305824332315451,-0.03039672899280265
2026-08-20 09:50:00,-0.03654073477056712,-0.14504077940144566,-0.13774029432682597,-0.056462717563322995,-0.16118427331166205,-0.16174786457595489,-0.22620284690385603,-0.04033805916188702,-0.3099021356381204,0.030525448427418462,0.03052046317285047
2026-08-20 09:51:00,0.12283722671406634,0.14374800784731473,0.10224163551460946,0.12813814467534898,0.14955226419995976,0.09917380452746127,-0.07081575886054291,0.11889952382062358,-0.09338182913939833,-0.03714761543570621,-0.03714761543570621
2026-08-20 09:52:00,0.054451390943968836,0.08860034539193548,0.11180289414657714,0.06355361868282193,0.05793812442532012,0.09249673319779603,-0.07710265125746892,-0.0018804849816919278,-0.1267037864793702,-0.08520035492051918,-0.08500706641441232
2026-08-20 09:53:00,-0.06244381785384403,-0.1487710290355025,-0.07138958670351503,-0.01904922672581023,-0.15387016884594804,-0.09048126296301873,0.09511039136102302,-0.05520623877248575,0.18879248081726754,0.09974234986539081,0.09981862043492577
2026-08-20 09:54:00,-0.10165352712866385,-0.12603055487941622,-0.06331500914278565,-0.08850117275803265,-0.1356387433729076,-0.09237155276990719,0.031928276237557895,-0.16679124246241842,0.05961132611383484,0.08058748100332148,0.08051726455354145
2026-08-20 09:55:00,-0.0563401649611172,0.09421310452618337,0.0052597945131364135,-0.05079668271207872,0.081225093933673,-0.015994434087844903,-0.00394487509036692,-0.09480486752412477,-0.02858267338242554,-0.05912987329818935,-0.0582909498545494
2026-08-20 09:56:00,0.03235701586596251,-0.030463052815039946,-0.031514029785601846,0.036166045000631315,-0.010430831634798327,-0.004074434574151151,-0.031073894828148364,0.015871522609434873,-0.06338316593599795,-0.03450425721789262,-0.03407931576535171
2026-08-20 09:57:00,0.1341448588171259,0.1078974111402291,0.14590740866620863,0.11803109027244095,0.07595048905776548,0.128764583085946,0.2777443493974132,0.04864263413259053,0.3169199055869337,0.13537364611612343,0.13527890828574937
2026-08-20 09:58:00,0.03027621481864988,0.07310492056585255,0.06937142120549196,0.020556422276306028,0.08438212387623789,0.07909170987924984,-0.09937592883159178,-0.033009550236364565,-0.20203717168268626,-0.04993438436205931,-0.04994465685180099
2026-08-21 09:30:00,,,,,,,,,,,
2026-08-21 09:31:00,0.017686325323615335,-0.009686428201270216,,-0.02804474250385708,-0.08182458768589934,,-0.19841971665127964,-0.17520646506734283,-0.09310440808009113,0.04329224874828285,0.04329224874828285
2026-08-21 09:32:00,0.11280855689556064,0.01820534595855269,0.05278672097003152,0.12404441602357218,0.026335310480558934,0.03610052832873305,0.04458697957608626,0.07514181619055883,0.02766633217535822,0.02701510456209587,0.02706001405199719
2026-08-21 09:33:00,0.0026772676638171463,-0.012058364570568133,-0.026482739348031213,0.07446650224307741,0.05663731617173329,0.06883301893790757,0.23416392571087014,0.21213567360047553,0.14518264819549095,0.01514597326275788,0.01514597326275788
2026-08-21 09:34:00,0.014654145612123241,0.08585547298087924,0.05869832963348827,-0.023037668474026326,0.0245093185855454,-0.00719188604560152,-0.19368153523646642,-0.16955194242633972,-0.1023040501375543,-0.07476229064869319,-0.07476905144306725
2026-08-21 09:35:00,-0.04193530123888898,-0.014387983312083349,0.05586722728482326,-0.012877624766866588,0.006941909232334029,0.0667614627767048,-0.04322568614381867,0.003427578282749005,-0.07363037000599142,-0.20805204359190027,-0.20805204359190027
2026-08-21 09:36:00,-0.016932874017233993,-0.002923166453261009,-0.007741262432476237,-0.0004059340238906661,0.004589096763600545,0.014409707605865551,-0.09035244316380406,-0.0765849695455667,-0.10739382353704267,-0.13144189548278315,-0.13144189548278315
2026-08-21 09:37:00,0.02651015464182403,0.004975008088784412,-0.117762473612841,0.01127671718599217,-0.049355722154644295,-0.19976125981906684,0.21956855403978637,0.22165684016492074,0.26514554952426633,0.12297948154904666,0.12301632766466564
2026-08-21 09:38:00,0.026447067290875197,0.046910117481492215,0.015991306222841173,0.0631076105437719,0.06538102509500597,0.0263178490507657,0.08056095373996977,0.05718781729580217,0.10519356570629515,0.10738053824350169,0.10739371057277985
2026-08-21 09:39:00,-0.01429068490967152,-0.06256033319180493,-0.051589248645637575,-0.04070970318991568,-0.07976020650069521,-0.046788760578017376,0.0435652915266023,-0.0002002347574363124,0.04455821973362937,-0.08062124669667113,-0.08064068594832907
2026-08-21 09:40:00,0.20201702214737335,0.2065598182024589,0.14425985854204934,0.21069396189452413,0.21404428745680792,0.16305498209463107,0.12068763211048016,0.2114963386700292,0.121165477402494,0.04998880085665422,0.04995789802310101
2026-08-21 09:41:00,0.03893055677786613,0.05060387281276829,0.03866063962084364,0.08330601885461775,0.07040585440751669,0.06002721600552382,0.11633720187096892,0.09851130602039143,0.08342483657754214,-0.032666171339191113,-0.03262573290640699
2026-08-21 09:42:00,0.13557220436894424,-0.06974430926275797,-0.08340283467781397,0.1983373291934371,-0.021632274593180685,-0.028855912754287734,0.132043673985687,0.2159668359068389,0.14723018271296362,0.08200691664686462,0.0820045245792608
2026-08-21 09:43:00,0.0895315228118628,0.11572982886579196,0.1650712460216857,0.1407997218454623,0.14221155374078284,0.1567433480959925,0.11828694562460255,0.11071166704103218,0.09037540424558453,0.06476894914919855,0.06448802774674178
2026-08-21 09:44:00,0.08077011617160243,-0.06167157329477279,0.018030704122323063,0.1326527210241418,0.021318194047997605,0.09328186649831634,0.20244150895528892,0.06332753010079636,0.223216766518264,0.09556728787364334,0.09556728787364334
2026-08-21 09:45:00,0.07257543806120377,0.16288015626563715,0.16881633527902035,0.08767578745407249,0.1773788567545949,0.20082002930725568,-0.028404882030736132,0.09765629410183548,-0.19484854761706863,-0.022420573946215962,-0.022317315745304673
2026-08-21 09:46:00,-0.0052649114812914274,0.010702176346545711,-0.020521398274593452,0.00326008993573812,0.007877348623391714,-0.04259897281495327,0.09550890653774315,-0.028048973345489968,0.1420780786799219,0.03703008474398226,0.03703008474398226
2026-08-21 09:47:00,-0.041350765164945895,-0.0532255824756917,-0.06682491905262537,-0.009205893268056159,-0.04078138869515173,-0.05232867157261487,-0.025961528384971885,0.03647637354421205,-0.020981071133297755,-0.05977279505703013,-0.05964358569656545
2026-08-21 09:48:00,0.008510136364541348,0.017647345574223046,0.023146821464689223,0.05531972221068136,0.06625834116217688,0.08157904663526047,-0.0042137538089099015,0.06613566088870312,-0.052035454090687695,-0.02156775760989905,-0.02156775760989905
2026-08-21 09:49:00,-0.06091178770318214,-0.1687959126912165,-0.16370764410230823,-0.11583999718006842,-0.18678706439811452,-0.1671350049694209,0.05249360248029366,-0.01231465558916593,-0.011441295163825393,-0.06119150853733677,-0.06197513512915201
2026-08-21 09:50:00,-0.10831269552076236,-0.14780995095290717,-0.07260061649106853,-0.09864322593291369,-0.09883390753562327,-0.004530819224830245,-0.08198075709303045,-0.08415568556606937,-0.06298726850588109,-0.031643062297235014,-0.03173475198865462
2026-08-21 09:51:00,-0.052491212959528584,0.08868062298939075,0.021294526383467363,0.009644859407792845,0.11265642969877655,0.012167039668470287,0.034291066452810146,0.05809251167424103,-0.14855002645015059,-0.06925343575712434,-0.06896109076610857
2026-08-21 09:52:00,0.1268327088551006,0.08391583087111522,0.05344393145619071,0.13641828904013928,0.12122123470814933,0.09691120707283071,0.11647031893745896,0.1995225765642333,0.10784147755061055,0.03431505686600965,0.03429190302613651
2026-08-21 09:53:00,-0.07704709791227525,-0.12649257785522233,-0.09609665206452156,-0.10368788824973188,-0.13260277196021916,-0.1278136562101278,0.0470037656780277,-0.027305677351557606,0.04070009225480614,0.08118856890377239,0.081148713413545
2026-08-21 09:54:00,-0.06848497687859578,-0.046085077087806306,-0.02386898810668688,-0.06070819454989702,-0.02689378884715024,-0.02060862592753804,-0.13964635830737485,-0.18999823615852787,-0.08976873408844535,-0.003982315655177525,-0.0039839168911899965
2026-08-21 09:55:00,-0.03513251096612153,-0.013539878954698553,-0.0039647519800847944,-0.015020932839147235,-0.010298978532890624,-0.020624445913865464,0.10705741807779696,0.055502737985147536,0.024369297094924552,0.023200308765341616,0.023210087744956493
2026-08-21 09:56:00,0.06840561199904686,0.13930936068293828,0.15466016443915034,0.09492970060763233,0.16189602792000377,0.18452955576107727,-0.04945471743649113,0.0488750314527223,-0.029872925569091432,-0.08487768904633076,-0.0848591624080903
2026-08-21 09:57:00,-0.027355896800493638,-0.050140066812172104,-0.057660776432891706,-0.059007326039091826,-0.06745022040445361,-0.07939855863620814,-0.01288550060380366,0.0076620336563116955,0.02043080696885481,-0.08468838318092406,-0.08462027562245358
2026-08-21 09:58:00,0.009464503348599149,0.06214223998509858,0.06997492414370748,0.029369434529355632,0.09697707148048336,0.09058663656841018,-0.07484009660781542,-0.08039792390859389,-0.04054451540830794,0.005942468126683337,0.006086616614468164
2026-08-24 09:30:00,,,,,,,,,,,
2026-08-24 09:31:00,0.11468667617340911,0.078148639508503,,0.07785415122431395,0.029400225525593862,,-0.14301045973235713,-0.20532357332222126,-0.05075240637828419,0.016163065401678906,0.016163065401678906
2026-08-24 09:32:00,-0.04621274077756659,-0.031257675849338716,-0.06396068446671509,-0.012455025122035878,-0.024019130958369724,-0.02948200531782878,-0.008655295013093168,0.06537968168609304,-0.004109010045742027,0.11143845076216828,0.11143845076216828
2026-08-24 09:33:00,0.010110847993623934,0.004280279374023232,-0.03259211875540995,0.03152604090644479,0.013582523480302162,-0.004317532208628632,0.031239346940224257,0.022912733477651482,0.01794969025062352,0.03787925059519074,0.03787925059519074
2026-08-24 09:34:00,-0.06912819488545387,-0.030296734367322366,-0.03211330721303899,-0.00855017159824206,-0.022030299546211194,-0.042338118554414356,0.020164734411865146,-0.024315830927378525,0.07354912136798292,0.05025553921739264,0.05025553921739264
2026-08-24 09:35:00,-0.11315755844478717,-0.05168906875430998,-0.044315048359461706,-0.10257513919997875,-0.03412734137033892,-0.04959375123079732,-0.10170281983319776,-0.07731502283686918,-0.12539809114228884,-0.13599927446805296,-0.13602120663902684
2026-08-24 09:36:00,0.1757035573267767,0.18948107593841576,0.1478563813722203,0.25464202746250586,0.242486202921662,0.19308771934478536,0.20576606537215703,0.3481976553160098,0.07245585236121076,0.018551941167767417,0.018656420622529032
2026-08-24 09:37:00,0.05478687150356092,0.03816860464756939,0.133160882239007,0.12350929988897152,0.11440353189394546,0.2164099184594354,0.18354164570296896,0.14084523471630805,0.11501650762020611,-0.09645893238505913,-0.09645893238505913
2026-08-24 09:38:00,-0.10117060038499076,-0.1221206318728891,-0.1403950768767759,-0.14756936163084755,-0.16868891102684566,-0.17537737621521474,-0.16367175311309126,-0.18324512002450147,-0.14325901640404376,-0.048108813706237055,-0.04810024081585952
2026-08-24 09:39:00,-0.07099228702488926,-0.11321712930605948,-0.030649673103014308,-0.07083215689153176,-0.15525488670903112,-0.0372407523364525,-0.14775319558000735,-0.10129339116398954,-0.19343559999586502,-0.26179166592109127,-0.26180275160628874
2026-08-24 09:40:00,-0.03524821140651786,-0.032852372971771335,0.036945625316338986,-0.04687957181373531,-0.03451542603616109,0.01009552720108592,-0.25316480406247943,-0.23552890142935526,-0.33975325735156636,-0.09543602739524737,-0.09543602739524737
2026-08-24 09:41:00,0.06967930821326294,0.05071353342561079,0.06305012541077029,0.07135355148253793,0.06872823407380002,0.08350844616146377,0.07098865971676842,0.09574363812819928,-0.005099929061011255,-0.033407500707966956,-0.033411374023769376
2026-08-24 09:42:00,-0.256736708802758,-0.3748975648795573,-0.4099635729064535,-0.08208561380552361,-0.22828453520516953,-0.3286393717351148,0.3227180782421899,0.22565075990029648,0.3101354871699082,0.000861273273794177,0.0008110911051230959
2026-08-24 09:43:00,0.019883441506535603,0.03647978987599476,-0.03581874932869005,0.07041900691864038,0.06813209683447638,-0.011878441086647833,0.11741216769142793,0.15254669792107692,0.13988551559982573,0.0794201432533659,0.07952494464152572
2026-08-24 09:44:00,-0.0597653691393949,-0.06020922691074793,-0.017892855077050043,-0.040707509476799575,-0.03787881693663688,-0.02760937728546361,0.04908763218526688,0.025073235821245942,0.0033821153995061445,-0.028522076153427382,-0.02858594340106999
2026-08-24 09:45:00,0.09143455845131637,0.06106907116362604,0.08880896188830996,0.12079569382346182,0.06799333833907131,0.0994667729533107,0.19937695337356456,0.12422828014689893,0.013583913847264704,0.03674496769418042,0.03687736671755976
2026-08-24 09:46:00,-0.0444876828541853,-0.06858649254004744,-0.03159101543612809,-0.04833821840234224,-0.054903234299161885,-0.011973196777903167,0.02812173468988038,0.019092257193076962,0.005814406762610749,-0.07891461656521867,-0.07891461656521867
2026-08-24 09:47:00,0.029808408507306337,0.022449236464258487,0.04216055356466194,0.08065903023467733,0.09377424231506004,0.11786458852021317,0.07623773376164945,-0.0019587547554160856,0.059739606037630774,-0.12781731424845375,-0.12780747800791709
2026-08-24 09:48:00,0.0017490101635194322,-0.04440848568401542,-0.03970381645562213,-0.03290106250908819,-0.05544262430824588,-0.04946684507077485,-0.18623327551794053,-0.15374554750338054,-0.1493460158093181,-0.06839001387943286,-0.06762991404006974
2026-08-24 09:49:00,-0.06237897427838341,-0.08948325294113288,-0.08651600051301156,-0.0797006182926446,-0.10167345336648403,-0.09787519535993215,0.0014560575573133454,0.05296870832985003,0.0969192905991227,0.019914949872256543,0.019914949872256543
2026-08-24 09:50:00,0.10094525690449184,0.0700159341442372,0.05533059243439107,0.13988474419641206,0.07864427085364475,0.07559532649656157,0.16597521157028655,0.12613454776698246,0.1772493608240698,0.10066393312394682,0.10066393312394682
2026-08-24 09:51:00,-0.06617466585699307,-0.069848565640263,-0.08196232512356569,-0.032692116042268515,-0.05759850022080769,-0.05990815968655376,-0.11311421081027395,-0.047240891479468444,-0.06780141804667561,-0.07134856216692868,-0.07138584029525279
2026-08-24 09:52:00,-0.09299083939475815,-0.13074571552274206,-0.20978078834498828,-0.13039518577403808,-0.12058176568163746,-0.22029268278551511,-0.008760687838834224,0.02417071039950782,-0.028131755152212768,-0.0028131477527392527,-0.002853999193766919
2026-08-24 09:53:00,-0.04257832699219578,-0.08612593394900918,-0.04922181950359636,-0.05279617843239926,-0.08896278587147204,-0.02769094760670786,-0.043445214846267094,-0.0634969952049382,0.0440049756187124,0.0035992503275149457,0.0035992503275149457
2026-08-24 09:54:00,-0.026030448057879685,-0.019573054621505184,0.10973171900918186,-0.0758915330936095,0.0024924069072707433,0.14814300369473812,-0.17931163654088927,-0.14531460583960856,-0.12312626699174462,-0.09361058172136771,-0.0933067875340468
2026-08-24 09:55:00,0.03562176451481234,0.10516386738723076,0.11792731760093385,0.04660746594499009,0.13464493715178585,0.15738591951025174,-0.21085852650062215,-0.06526691241836716,-0.27711285848409667,-0.1199135680273846,-0.11990442517018424
2026-08-24 09:56:00,0.06264667066144372,0.07590820047555413,0.09471335013627549,0.09255318187671704,0.10054029106074149,0.10955491663050747,0.16147704468005156,0.06813228054009211,0.136350613391828,0.041183801576516334,0.04118125759675564
2026-08-24 09:57:00,0.04498292828283533,-0.15135968429592306,-0.15927899103727708,0.040783709643116305,-0.1396488488925793,-0.15759268304619603,0.3088503521911847,0.1277829947018529,0.06757535839960938,-0.03316255515759805,-0.03320532331358991
2026-08-24 09:58:00,0.03758801496248237,0.055923762597684425,0.04831835522041373,0.08587932694858805,0.06015417972127782,0.05581311318676545,0.02334391830533556,0.07108932910748324,-0.06363879484879953,-0.05759715358637213,-0.057171063749481554
2026-08-25 09:30:00,,,,,,,,,,,
2026-08-25 09:31:00,0.05315844736224295,-0.04047612299261037,,-0.0014224149282128446,-0.08823271657374665,,-0.12735326016617712,-0.20707784086363598,-0.10561936954728435,-0.10293436527888945,-0.10293436527888945
2026-08-25 09:32:00,0.007430827387985681,0.031228421802600728,-0.019174288162704226,0.037042029804093275,0.012755772550834639,-0.0679771954330208,0.022604822560451716,0.04537705641922637,-0.017050158459392346,0.06451732999985257,0.06451732999985257
2026-08-25 09:33:00,-0.043892246084987964,-0.04792814728727911,-0.041597342451917915,-0.025288180840211706,-0.00019427322392832425,0.008447132274251158,0.017987865491153148,-0.022733519377259613,0.03635041248343218,0.014948498375131866,0.014948498375131866
2026-08-25 09:34:00,-0.07173616193504091,-0.17306124620676738,-0.1684735105322137,-0.07696018245903857,-0.1637291085475876,-0.15631085738204703,-0.0414222434321324,-0.04700158556418057,-0.03762444326106358,0.12492119755621567,0.12492119755621567
2026-08-25 09:35:00,0.014602287678372324,0.10090956552394842,0.07267140436717112,-0.026335224877596635,0.00847236132752005,0.005904522910225618,-0.05943959807852073,0.00874657003996539,-0.06982145277303013,0.013463138077965191,0.01346338861848377
2026-08-25 09:36:00,-0.12055903111456284,-0.16107905860138863,-0.12181865478346882,-0.11358139264507557,-0.13719052952395036,-0.11015429826331108,-0.09151240239980311,-0.018204920731621374,-0.16917246388828938,-0.019153472050842568,-0.01914762537063406
2026-08-25 09:37:00,0.04449822997867016,0.07437035105251523,0.07772322219252663,0.02139307731615456,0.04147134110368238,0.060231977637441765,-0.03689500616120845,0.00863742739224874,-0.024668842816319817,-0.059339507002248236,-0.059285677487448694
2026-08-25 09:38:00,0.14536749030961352,0.08131105366338844,0.10006424404328768,0.19905770053265048,0.13971199243886917,0.13373906124477597,0.3017774872117715,0.12991196946358682,0.3441708636420354,0.13254664790378176,0.13254664790378176
2026-08-25 09:39:00,-0.027547027509555982,-0.17157879280184712,-0.16418592546928423,-0.07404121876705053,-0.18844280538667224,-0.18173421139404763,-0.004233245721525541,0.008866922910630343,0.041701689998909386,0.01373262260404562,0.01373262260404562
2026-08-25 09:40:00,0.16424695480611312,0.10933702743672939,0.08487550248268756,0.13813768496328702,0.062281168222377815,0.0470992901316825,0.051765436179369205,0.07056678946746328,0.11497355333195483,-0.04010150964057894,-0.04010150964057894
2026-08-25 09:41:00,-0.015871732104450854,-0.013856946072495878,-0.034128429271973355,-0.020732331284720917,-0.03627673937433826,-0.04620293570748837,0.045440443424063226,-0.05751948924338232,0.18129764407869126,0.1364893495430944,0.1364893495430944
2026-08-25 09:42:00,0.1323384875717199,0.11413055395481025,0.10945004315914088,0.06537374395485594,0.06891922415464836,0.0679559117826127,0.06929605081306878,-0.05447845580329743,0.03148760362211961,-0.04968941053347248,-0.04968941053347248
2026-08-25 09:43:00,-0.25739610455909967,-0.24563306642323604,-0.24216883394861594,-0.18767310200866272,-0.19067438239930198,-0.18196402314073412,0.033241533236171884,-0.1153952214355181,0.1033765329578224,0.11588720559918995,0.11601899724103823
2026-08-25 09:44:00,-0.023424462390698116,-0.02279128667689193,0.1263900871040728,-0.042449754716745315,-0.10951244987912416,-0.021808794716533162,-0.16679038268710333,-0.19288721630965877,-0.17644311785648778,-0.001921638455911315,-0.001921638455911315
2026-08-25 09:45:00,0.04384251568046462,0.14386269176228347,-0.0016401570859055582,0.040460837695226584,0.11284077177583754,-0.012168011513122457,0.14723015949403304,0.09207735751063097,0.1006042602313633,0.08525475991220663,0.08524632369458224
2026-08-25 09:46:00,0.1309681943855403,0.19696342326347077,0.23445175778531352,0.10623240647358076,0.18293209158023058,0.2149430260116186,0.062230315085919904,-0.04347379750587795,0.10669443094895073,-0.01486494887563162,-0.015071564323435965
2026-08-25 09:47:00,-0.22975603563741115,-0.3135690936234034,-0.30910162445671063,-0.1671220533534362,-0.28418817333749735,-0.27210609689120785,-0.10336528546620011,0.005888559666097628,-0.0647565810800863,-0.029997160821901115,-0.030103279090125237
2026-08-25 09:48:00,0.005156739341528883,0.006791572662413471,0.010591989356363591,-0.027165510013636082,-0.03652205757374754,-0.01909830187170071,0.025351491158671673,-0.11229489811211693,-0.0605024165968751,-0.019215493358119336,-0.019044993121209608
2026-08-25 09:49:00,0.03131478095425477,-0.06496670977723974,-0.019359998427442203,0.031196624687562655,-0.03249288758782149,0.002657476281890407,0.02309520196067118,-0.02114464882891709,0.011421413713216592,0.10052693963664998,0.10055596182566583
2026-08-25 09:50:00,0.0015764894188068847,-0.006415592744450724,0.028901595169018558,0.07892932957861785,-0.017757700310480257,0.02951279790706976,-0.13738324275379413,-0.0007209566548436256,-0.09794524131928771,-0.07484682616426233,-0.0748193884577729
2026-08-25 09:51:00,-0.16122589232462067,-0.2531160221299091,-0.1945108605053231,-0.15829481817530552,-0.2680234018740454,-0.2408243114061925,-0.028930142432830836,0.01715417211812629,0.05023617458532221,0.1285606194829952,0.12849927155688626
2026-08-25 09:52:00,0.09317004006894723,0.10416548573304285,0.0708978099854869,0.09355693877277776,0.09861857084897635,0.07555221357019526,0.10992338903285381,0.04630693258438978,0.08528177163780211,0.019678953362396345,0.019554535279938254
2026-08-25 09:53:00,0.010431489173463464,-0.05797146801363741,-0.2250963586274608,0.05142811922418261,-0.030382764207264035,-0.21619467874461284,0.19779366056166986,0.10925738012493683,0.21411330885793067,0.17863136781952038,0.17864395261128027
2026-08-25 09:54:00,0.08564489932437941,0.08711943774649315,0.08432404878268841,0.09377213096844983,0.0981281834248084,0.1208524672415179,0.12355265539532223,0.09618653239603649,0.13794081011966916,0.060769897871570194,0.06077357403536279
2026-08-25 09:55:00,0.07510411929590183,0.062408136484204076,0.07528559742086334,0.04583199347267501,0.01707137736798992,0.03129964734292223,0.06247633720367678,0.09152072745321506,0.10136140606113592,0.020787856793982054,0.020923050477607966
2026-08-25 09:56:00,0.05350897510739486,0.0845147675212977,0.0868845173060282,0.07188216610077511,0.10053584433017265,0.10638867030593274,0.2523056081889572,0.20289250222411942,0.2782769511862071,0.09842003515933587,0.09839102737006386
2026-08-25 09:57:00,0.10980709631675827,0.11073758576919177,0.14202403463880586,0.07997550419630513,0.08817814060301382,0.11785356024883563,0.010764947830895356,0.02654144687608193,0.034787426423641174,0.052458565186348734,0.052458565186348734
2026-08-25 09:58:00,-0.14172278672276395,-0.22874662391702694,-0.21762061813419256,-0.10827418017816788,-0.22026142063436954,-0.2219275495041656,0.0536602813169322,0.026087915562007406,0.061338965098036574,0.0779499727457219,0.07800688711650017
2026-08-26 09:30:00,,,,,,,,,,,
2026-08-26 09:31:00,0.05123157327680655,0.05616016518955593,,-0.0012553116266718384,0.016376108712427763,,-0.05570100105363828,-0.07980198605309133,-0.009977059357409022,-0.03880150506407461,-0.03880150506407461
2026-08-26 09:32:00,-0.027159230099198656,-0.036464523518452675,-0.0476877054900528,-0.04759887985602677,-0.037200746196342276,-0.04266731489679482,-0.12577106342044136,-0.15214127378356135,-0.04133817065445317,0.025065393257465887,0.025002765553811982
2026-08-26 09:33:00,0.025348728735555173,0.015061456172108708,-0.000125652934971564,0.024375226467492076,0.025496543680979256,-0.002816305158582138,-0.00047301510374826077,0.037458738135142486,0.012355924252422974,0.0771527760756714,0.0771527760756714
2026-08-26 09:34:00,-0.014848599688350205,-0.05018286251974634,-0.05385025091810196,0.00666136054020329,-0.0341549804360257,-0.023973935053322255,0.1027820595353864,0.002355960475712493,0.11333158996866628,0.04965660922467122,0.04960408573187734
2026-08-26 09:35:00,-0.1023598725740432,-0.05271560126163396,-0.026854882159765482,-0.12314096634743303,-0.0637813100062879,-0.04741727986137195,-0.038842361235976855,-0.08912948246857733,-0.10344298270664579,0.0009611585798537422,0.0009611585798537422
2026-08-26 09:36:00,0.0006873178677234352,-0.0677677621805977,-0.0665023914095386,0.008116790052060804,-0.044366040803666,-0.051195247203397,0.20346855634333416,0.1896742641464772,0.20375189815637168,0.06022924719654543,0.06022924719654543
2026-08-26 09:37:00,-0.014315932560045763,-0.04234716599062816,-0.033245162059165036,0.03629031557799237,-0.011533532391194042,-0.01706253508437691,-0.03275489202739615,-0.04713409904420485,-0.023037079332991445,-0.020013917484325086,-0.02007706509786241
2026-08-26 09:38:00,-0.03718710563986822,-0.1211216411930029,-0.13567240135642306,0.02845067768215815,0.0027547992815510902,-0.04835599544418543,0.2318622425772147,0.20541243289827263,0.20556226803777972,0.07861559863847255,0.07855912949503277
2026-08-26 09:39:00,-0.21117100760384483,-0.2669577279759605,-0.21739202291511084,-0.22336510627275383,-0.2874912919246525,-0.24397161327441702,0.009864351808053234,-0.1504323333481124,0.0031084328817215035,0.022421498630228385,0.022421498630228385
2026-08-26 09:40:00,-0.05845715128715953,0.020012336235698907,0.07594643410812674,-0.0604968042399583,0.030590860406274647,0.11857855100278733,-0.274670075149278,-0.16006070724012866,-0.19950296096328743,-0.16977632982120033,-0.16979333404751037
2026-08-26 09:41:00,-0.06036368721923042,-0.03983195700422807,-0.10776389158223149,-0.05814707728053383,-0.03640012835086925,-0.09631436814732525,0.06120927291754666,0.05627373651040194,0.1740330207920562,0.12526485342471635,0.1252642534672021
2026-08-26 09:42:00,-0.14876199871370735,-0.1676719146833295,-0.15715494206083924,-0.1366313769105953,-0.10859222045542745,-0.09784216604263238,-0.09069733073604719,-0.09894237474680484,-0.07475483528500863,-0.10658248013239152,-0.10658248013239152
2026-08-26 09:43:00,-0.013607200520872217,0.03815222432174011,0.01109290412135544,-0.022032271453966464,0.026370321642957315,-0.0016602004637433375,-0.12266953841654843,-0.10929363289451655,0.024523953105536313,0.1432253134829659,0.14322718965145725
2026-08-26 09:44:00,0.018509267172275794,-0.04434227177878044,-0.02926320459515633,0.02805329129190611,-0.043143417327338784,-0.01980780649688984,0.1673838047743206,0.044464227646656335,0.19122192684932057,0.04366775770939089,0.0435641603285809
2026-08-26 09:45:00,-0.04698931866049708,-0.06588849834601863,-0.023813115558725256,-0.028040470787888003,-0.07119746204185451,-0.06859105414614595,-0.02337542618707787,-0.03437020501597129,0.031642945519618874,0.07139490202795085,0.07139307747782367
2026-08-26 09:46:00,-0.06750564426667267,0.004484130350911889,-0.021836483331103905,-0.1142823197575092,-0.01382665348339469,-0.04204306578003543,-0.29187188722471924,-0.2851932978886216,-0.34454024185774285,0.06247366519406075,0.06239180617720228
2026-08-26 09:47:00,-0.0827567905066528,-0.14701075476702272,-0.056007988154945704,-0.033183912084991204,-0.13859706070984493,-0.03188471024417672,-0.07249353146314381,0.07624696203832879,-0.150942928430711,-0.08459558858391593,-0.08454713910902745
2026-08-26 09:48:00,0.087531916085777,0.03658154457040153,0.01963433627366039,0.08301305258602165,0.06975859349432906,0.057595015566579026,0.04100666073792089,0.035213000911534356,0.09466230208029261,0.12300295655677057,0.12299192262600353
2026-08-26 09:49:00,-0.05412284289457671,-0.08728570550879386,-0.11429632566203075,-0.033347970862294456,-0.09165772897092002,-0.11535983435097102,-0.09857019465502657,-0.06911494788116701,-0.0969108987587639,0.007802961485806815,0.007775155434195835
2026-08-26 09:50:00,0.07208677435320007,0.04261129422168638,0.02653973481932417,0.11818391295595274,0.13757988484145367,0.10334269785782185,-0.040678796246924304,-0.014701482119840273,-0.016328780335244222,-0.08425686677342795,-0.08449224928457132
2026-08-26 09:51:00,-0.04637638905643595,-0.09419981401407895,-0.08689237952644185,-0.06609981371250283,-0.11733121190157776,-0.10676371771386758,0.0068408809131959335,-0.13319022521446391,-0.032938693467609276,-0.03121549601901407,-0.03121549601901407
2026-08-26 09:52:00,0.15624492973423668,0.11968937241047059,0.10658880489686079,0.16523479960843568,0.11881619523361535,0.12373024109336385,0.0050925491126113005,0.08465933987533207,-0.04313505089477759,-0.09739995788057798,-0.0973982705758715
2026-08-26 09:53:00,0.07304075333101576,0.035989820696948324,0.042162620679303354,0.1082594756544735,0.05573440577396626,0.06023857014014391,0.121110508725063,0.11867604882978698,0.11322679468867085,0.09137678701706527,0.09011223271562123
2026-08-26 09:54:00,-0.1587924280930338,-0.176271731035253,-0.19146897112394368,-0.1300741988687401,-0.15033303947070348,-0.18516067201191574,0.12075972541463052,-0.050480691006861,0.17615846160841536,0.06442402971139466,0.06431718612187406
2026-08-26 09:55:00,-0.070379457840517,-0.16895115490212143,-0.12371393659946509,-0.024681266031413327,-0.19019512492705687,-0.16250724052705823,0.21853977522376875,0.06744237210078138,0.13112089953933834,0.048160680028076726,0.04821498690013823
2026-08-26 09:56:00,-0.16834632599506746,-0.18480384692250906,-0.16636753976296606,-0.1808727773282146,-0.16999508350748377,-0.1732533638110257,-0.1967708889074054,-0.10932194891122267,-0.060203079825612495,-0.11354820686433255,-0.11350507217073359
2026-08-26 09:57:00,0.09619007965179245,0.03319551724846431,-0.08141933370754241,0.12911730529736798,0.06528122475154641,-0.015692167378255392,0.28801443980937175,0.2679110750671324,0.2530505244110436,0.13924491663927557,0.13908136943275637
2026-08-26 09:58:00,-0.06862633549603529,-0.08161641353310416,-0.050659002556738275,-0.07590375807587675,-0.12002300144709918,-0.07478529486477765,-0.062361813862831766,-0.13210739216373202,0.05386098544076725,0.08796591477326933,0.08802112055887051
2026-08-27 09:30:00,,,,,,,,,,,
2026-08-27 09:31:00,0.10740720322338672,0.15863408906845133,,0.05908134720143415,0.11129219779934922,,-0.09311054921895488,-0.13785066406261826,-0.06707969384402,-0.03730110080722118,-0.03730110080722118
2026-08-27 09:32:00,0.0742087140538408,-0.01337134568758585,-0.056983601760415954,0.08272050352886941,-0.011044885558870855,-0.025548642644733124,0.056562122769474296,0.05251003770215068,0.05050376110306377,0.006582267401486051,0.006582267401486051
2026-08-27 09:33:00,-0.024122828689718837,0.005790243272125223,0.018277018781194483,-0.0002243180685130037,0.051119758746105574,0.06389594291814339,0.01559934614586008,0.06222073776893897,-0.03497452326365132,-0.009594239789830716,-0.0089199540668388
2026-08-27 09:34:00,-0.07260077936765608,-0.0922282425889319,-0.10603635698347555,-0.07048519217938579,-0.06772045161889365,-0.06455781647895209,-0.009158006991779892,-0.08044679275159598,0.02462691596410497,0.11905886841577548,0.11905886841577548
2026-08-27 09:35:00,0.03802968122941064,-0.018610994017885525,-0.007953795476676236,0.04161618776112496,0.009551840383331347,0.011695825607527537,0.05511665724670329,0.043960101871663666,0.09490505014531976,0.021899020399372075,0.021899020399372075
2026-08-27 09:36:00,-0.034794669091388716,0.012265086791876007,0.04097855546885084,-0.08414532479667716,-0.017147205075439084,-0.007652524327160987,0.05409171239925889,-0.0916803244061399,0.08552185294451857,0.026970145381079263,0.02697005601451905
2026-08-27 09:37:00,0.005556896514692939,-0.04469352101558425,-0.0531640086895643,-0.001466670073422505,-0.06274826026577178,-0.039291858197363874,-0.026201227609758876,0.004448626158155649,-0.03714137229550912,-0.0007284405821923308,-0.0007406899596129945
2026-08-27 09:38:00,-0.05152509063244324,-0.03716649477798459,-0.047163769752535493,-0.0524324684961017,-0.07741348589513293,-0.11300410027040067,0.01588358645243068,0.035782088910999994,0.0608421929911032,0.006669213182843101,0.006682042432375112
2026-08-27 09:39:00,0.04991040617214248,-0.010750561538462778,-0.014777447080739593,0.049951527420551096,0.021088596240489553,0.011081160170292988,-0.006169909683308945,0.022959367712721373,0.08086975150815696,-0.004598271868829255,-0.004500470248283909
2026-08-27 09:40:00,0.01801206131863729,0.04552615975976799,0.021339666207068005,0.03832847871452493,0.05401611189503213,0.03381475624097844,-0.041390737882341475,0.012589125432653298,-0.04200947902034726,0.00797747439576973,0.0080612298379153
2026-08-27 09:41:00,-0.004397770134973003,0.015223210661452886,0.03356946340590092,-0.0011646390323529852,-0.024638890991781803,0.007908167216111175,0.0029991081441227267,0.01760348206764404,0.02635397718421856,0.005363887036354125,0.005363887036354125
2026-08-27 09:42:00,0.03969737242173553,-0.10967992063354595,-0.044453120035575215,0.06254680081229733,-0.06936956899596668,-0.00583610026942763,0.2424992807454059,0.11173092127325997,0.1960859891937805,0.06304918325323974,0.06272819802110165
2026-08-27 09:43:00,0.03320484076301586,-0.007865477898197725,0.009378381483508037,0.01217748368297686,-0.03231763444280612,-0.02284824151902463,-0.17936281826254594,0.003927105635020705,-0.2519333188159197,-0.01941069988123609,-0.01910163800191732
2026-08-27 09:44:00,0.140832917824075,0.23098534928649325,0.17816647669672236,0.11815458839894283,0.24315378906546462,0.17218025026880338,-0.05772808848212923,-0.044001479536007256,-0.06591832770002308,0.023726886358562682,0.024224594469377556
2026-08-27 09:45:00,0.06671826778818939,0.17579173176443194,0.19223300472606475,0.09663164261854909,0.20812363391736477,0.21784358942221588,-0.008275441947736899,0.12754080680146443,0.05148055205868385,0.07891418380760565,0.07890835323281846
2026-08-27 09:46:00,-0.147886719060948,-0.06356783227954087,-0.11081360703956401,-0.14330087485101822,-0.07381685953440881,-0.11588796886286816,-0.13837515350586646,-0.20786963945094802,-0.17935600051912837,-0.08990541458680572,-0.08986038737498853
2026-08-27 09:47:00,-0.12612781722453817,-0.08086843285847092,0.023398681426166214,-0.09650050147897048,-0.06820021387848312,0.054286137386857426,-0.18496324061076433,-0.24582599867165164,-0.17850527427656682,-0.04676002346729553,-0.04685334972922482
2026-08-27 09:48:00,-0.08260727930703687,-0.09517690605220581,-0.0427392388022856,-0.10321547268775044,-0.10628091832064557,-0.05139105133024192,-0.15247182529289702,-0.11852591796933694,-0.10501443634443143,-0.05724550943343494,-0.056558406845011094
2026-08-27 09:49:00,0.03975718855983948,0.057439000559857845,0.20981102597975487,0.06511217682288126,0.0948078511102859,0.25201088263328575,-0.24121227009211385,-0.09271061930458818,-0.2108830805535062,-0.06904015147810615,-0.06904015147810615
2026-08-27 09:50:00,0.030742209447188536,0.041728771975231796,0.05361149844645413,0.0475392596162163,0.05425978885790522,0.08511250921804392,0.039608748070269574,0.020175308628506902,0.09047558251599089,-0.013095483620209946,-0.012763949198905165
2026-08-27 09:51:00,0.07661498231509169,0.09108102361760025,0.08397874791559126,0.07003875374833946,0.05347445522639241,0.06636840398513688,-0.02854189349179943,0.05036529340631559,-0.010889206256366751,0.038231668933906636,0.03809240863107061
2026-08-27 09:52:00,0.043641567509900246,0.07324212334461795,0.03910160327985135,0.04803619295766693,0.07997089033078371,0.03797825588687504,-0.05343504146438211,-0.0011985655924844484,-0.025187169945487538,0.007225239445114011,0.007211633431037311
2026-08-27 09:53:00,0.0225555236852458,0.04955772781495825,0.022420049236843972,0.010909081297893084,0.05515607909902994,0.012083815859814443,0.0302180852890595,0.004011970704321619,0.04949752180508764,-0.05188864278640632,-0.05150550132880893
2026-08-27 09:54:00,0.01625356091407428,-0.0022013003550492042,-0.01566783294042868,0.021147811580809566,0.00872128201076931,-0.018247502304779936,0.05060771980321039,0.000578347030557381,0.04982401367940193,-0.04680316687770258,-0.04678980013198729
2026-08-27 09:55:00,0.11085342243987396,0.16178977633710723,0.21255158653080974,0.09582482010069224,0.12888541562348016,0.21666460953765837,-0.04915120510104548,-0.061652455717869696,0.055401188649102234,-0.13426891190844284,-0.13452111075806042
2026-08-27 09:56:00,0.08777299241381185,0.07600350881939369,0.1024719027707684,0.08711275153433004,0.10651824001326793,0.10963490778069374,0.09343751198959523,0.07250151459032222,0.07765684610444916,0.008542166498616104,0.008542166498616104
2026-08-27 09:57:00,0.07406766448205465,0.05245379828539437,0.05060661486222166,0.06907457056288854,0.023598023202464534,0.00949736905396766,-0.03598320377737469,-0.035566347634912066,0.015888775656322858,0.08756223773313265,0.08753639634984796
2026-08-27 09:58:00,0.09296931014424716,0.05848424218557916,0.03689394395502328,0.06714570575713047,0.057633246476871014,0.030674870701072023,0.05774310494133633,0.0183868659588506,0.010165324420261261,-0.02666627125132578,-0.02666627125132578
2026-08-28 09:30:00,,,,,,,,,,,
2026-08-28 09:31:00,0.08711594728188142,0.03839690760208299,,0.02292483037792019,-0.02245173788735195,,-0.06721869880448016,-0.12443713992367532,-0.002955709210419042,0.09057422568413032,0.09057422568413032
2026-08-28 09:32:00,0.11002969062371845,0.12887451909391565,0.12174765690249438,0.10780121626359919,0.10761163139752612,0.08648884563704747,0.060940798250396506,0.03234526191552854,0.1013883696422491,-0.03946146970241322,-0.03946146970241322
2026-08-28 09:33:00,-0.024473273494380464,-0.04087598452792456,-0.05789239833403509,0.0021693267164276447,-0.028531869338713614,-0.05554432731458765,0.06477981751602868,-0.03284580699510596,0.08652873809974773,0.012432209437972045,0.012432209437972045
2026-08-28 09:34:00,-0.10113847180817569,-0.07919167840768009,-0.09043915220928926,-0.039966379137435726,-0.042248267305043725,-0.03771154740445387,0.005692355157424861,0.03077791913949181,-0.0038522269318000207,0.03367238148763481,0.033669033824400105
2026-08-28 09:35:00,0.02786740155005548,0.03431585849511213,0.005468856745536682,-0.015605833020070837,-0.00528249646085473,0.00787458018814048,-0.03812412252716361,-0.0886258145323445,-0.05505243934311375,-0.08453746712565927,-0.08453746712565927
2026-08-28 09:36:00,-0.05240671967451884,-0.01846467569393066,-0.03465673341256388,-0.05602426166056589,-0.045201270046452295,-0.058258787807712965,-0.11353330104193494,-0.11338822386838081,-0.15014759560915925,0.0052083689120382155,0.0052083689120382155
2026-08-28 09:37:00,0.04783320398339993,0.059368624756120356,0.0760048279338988,0.05230461218059436,0.052273326695170326,0.06484996095521973,0.07279173230592313,0.016126194773132776,0.02475888657221726,0.017038081191154634,0.017038081191154634
2026-08-28 09:38:00,0.07980262816948665,0.06640560200959204,0.090105560055675,0.0844117561984979,0.06751730308765456,0.10092328027644605,0.09744959097306104,0.03013342919061419,0.10629541666850296,0.030992018922971314,0.030992018922971314
2026-08-28 09:39:00,0.05387978066686945,0.12224733827319043,0.07835534803362991,0.06779160942785757,0.12273703767020075,0.08185596230640832,0.0813193108693025,-0.11100125322198563,0.12418306178671815,0.04059284029572194,0.040596603778149574
2026-08-28 09:40:00,0.01459123027389218,0.09505125637132633,0.042935872955272326,0.04448002685748531,0.14659123973021887,0.0856347451406895,-0.15398240083969011,-0.04178248508346609,-0.024042665189469827,0.0620285852280769,0.0620285852280769
2026-08-28 09:41:00,0.010116803331652378,0.0897117821393623,0.09062618828630926,0.01771114456458775,0.13389824232268924,0.1360533363349824,0.024359462429415356,-0.07889314462607108,0.06553369687093909,-0.031517299007727824,-0.031517299007727824
2026-08-28 09:42:00,0.009240906200202504,0.005030503551384015,0.053297943079792465,0.01237689161511047,0.0015350689915741283,0.0574187278924984,-0.07831865347335433,-0.06490570146802509,-0.045519436784097596,0.07297127388254089,0.07287570938979301
2026-08-28 09:43:00,0.06859438936650762,-0.022771906279293593,-0.07739865436741175,0.05698968327196813,-0.04776252693582658,-0.10140380736466342,0.06289693383300055,0.07553549145286835,0.11910045553183186,0.05937265716659861,0.05937255500243661
2026-08-28 09:44:00,0.11428826981900646,-0.04989761556737991,-0.05325357267640362,0.08181796239368033,-0.14646185286246702,-0.16182436287676646,0.2866267438951536,0.22128784164187898,0.2787117293203665,0.252750051355701,0.252750051355701
2026-08-28 09:45:00,0.11099137804468757,0.133425601098215,0.15276004381747002,0.1101816516650818,0.0921335811274229,0.1059806179304584,0.06195043271650838,0.09484540294968814,0.09515538215425516,0.01867475093817534,0.0186194580766183
2026-08-28 09:46:00,0.016002448538664765,0.00958076186510823,0.004272413661647156,0.030079080126717755,0.02990720491827381,0.019324184857014738,-0.008394359876507931,-0.001845810236204718,0.021738981778746808,-0.029372194128477063,-0.02930653968243951
2026-08-28 09:47:00,0.09456074410021519,0.04409092285718283,0.03564581998794552,0.10068280428346704,0.05802087464951072,0.047780477748126673,0.07563358485541692,0.042093855928154206,0.048348480474834414,-0.04588326123475837,-0.04588754229932886
2026-08-28 09:48:00,-0.02253800249169993,0.02776528224615921,0.011248871910242823,0.0133229131326139,0.03824254201792311,-0.0005810634970468791,0.06135045806313163,0.0011365704054125986,0.046045899654918024,0.08766699148501303,0.08794434067929531
2026-08-28 09:49:00,0.026486281157972535,0.16427067545402718,0.16869876328750497,0.021180931019755427,0.17014500062870846,0.18037369990398922,-0.3138688952087269,-0.11234646426382949,-0.35615900442281556,-0.13069007543719136,-0.13108381769241523
2026-08-28 09:50:00,0.11096582131152655,0.12265580254731559,0.1003886781761791,0.10016866116564342,0.11499081696967782,0.09350514814183804,0.059530327366218994,0.1779523099070421,0.0769083920422329,0.07122535829319249,0.07097282710245516
2026-08-28 09:51:00,0.08473293656771054,0.08651961518556096,0.11781691413659841,0.08962103323720792,0.0764359263571878,0.11880063775749723,-0.11566957845273633,-0.05101625011394679,-0.08871154543725192,0.016964888613408325,0.017418915061057732
2026-08-28 09:52:00,0.07121478452612383,-0.054507279661092874,-0.03622636442001638,0.0906804823705443,-0.0391693210302178,-0.01863798150048915,-0.00613533476202452,0.03826362825775698,-0.04166636869776671,0.0070560006668427275,0.006951434748875207
2026-08-28 09:53:00,0.0507302259160668,-0.01737899726942218,-0.003342456915104336,0.04705383252428506,-0.06126779854408413,-0.08664097316566378,0.04442405489091021,0.023860685993008442,0.1101899734117272,0.039126667596929315,0.03911616593330143
2026-08-28 09:54:00,0.040771786328533795,-0.010970637654160021,-0.07754993356339615,0.01712655835625947,-0.027239087042280313,-0.090901611723562,-0.06105100022967564,0.0749118664077876,-0.12123596485652291,-0.04440683616517629,-0.04434250033697869
2026-08-28 09:55:00,-0.006208981714645688,-0.054481327737146326,-0.1807590467070962,0.0032561486135108844,-0.06989125484575795,-0.18116700122083979,-0.23457117712564418,-0.12494613583502276,-0.27138400570928245,-0.047086072836625886,-0.04713507445510694
2026-08-28 09:56:00,-0.059343729989517396,-0.07340135706969231,-0.06465200347353371,-0.06807145703231411,-0.10060484545086944,-0.08560852832007851,0.025190745223158357,0.048629923024486016,-0.04859050514262499,-0.08931320650488585,-0.08943037807326622
2026-08-28 09:57:00,0.13725266265278332,0.1622826451371852,0.24035782618581164,0.12334286050854322,0.1305854810123802,0.20442468087593157,0.007974190991884865,0.10548613536457793,0.039797719039686534,-0.013629406419314148,-0.013268024228236934
2026-08-28 09:58:00,0.03868864173919486,0.0565020594775565,0.03994814961708463,0.05809185442764931,0.06647868508578296,0.04209794614873336,0.08901401648199231,0.0574881205596714,0.04312590144508648,0.07950425596353898,0.079268477532923
